OBJECTID,GlobalID,Address,APN,ServiceConnectionLength_ft,PredMeter,MeterConf,BestMeterImg,MeterPhotoCount,PredLocation,LocationConf,BestLocationImg,LocationPhotoCount,NeedsReview,PriorityScore,ModelVersion
619,e04971ca-6853-49bf-b77e-80ea7e8105a5,,,,destroyed,0.8390143513679504,e04971ca-6853-49bf-b77e-80ea7e8105a5_2467.jpg,2,cleared,0.5755004286766052,e04971ca-6853-49bf-b77e-80ea7e8105a5_2470.jpg,2,1,57.0,v1_resnet18_binary_demo
1071,e68909d7-9e36-448b-a3a8-e34f68f517cc,,,,damaged,0.8566116690635681,e68909d7-9e36-448b-a3a8-e34f68f517cc_4276.jpg,2,ruins,0.6142262816429138,e68909d7-9e36-448b-a3a8-e34f68f517cc_4278.jpg,2,1,52.0,v1_resnet18_binary_demo
718,082b6173-1a69-4edc-b5c0-5f5f8b82dd2a,,,,damaged,0.7091516852378845,082b6173-1a69-4edc-b5c0-5f5f8b82dd2a_2864.jpg,2,ruins,0.5973127484321594,082b6173-1a69-4edc-b5c0-5f5f8b82dd2a_2865.jpg,2,1,52.0,v1_resnet18_binary_demo
596,548ed2fb-3418-434e-9004-7a8c08029611,,,,damaged,0.6310399770736694,548ed2fb-3418-434e-9004-7a8c08029611_2376.jpg,2,cleared,0.997216820716858,548ed2fb-3418-434e-9004-7a8c08029611_2378.jpg,2,1,42.0,v1_resnet18_binary_demo
964,05802208-3139-4485-9cd1-4792f2d77d6d,,,,damaged,0.7596546411514282,05802208-3139-4485-9cd1-4792f2d77d6d_3848.jpg,2,cleared,0.6342477798461914,05802208-3139-4485-9cd1-4792f2d77d6d_3850.jpg,2,1,42.0,v1_resnet18_binary_demo
